Référence Produit;Référence Annonce;Prix de vente;Prix public;Quantité;Qualité;Commentaire Annonce;Commentaire Privé Annonce;Titre du Produit;Code type de Produit;Fabricant;Édito;Plage de poids;Expédition, Retrait;Téléphone;Code Postal;Pays;Image principale;Image secondaire
4709;8W261;465,08;620,11;*;N;Vendeur professionnel - Produits garantie - Livraison rapide;;Indiana armoire 3 potes;Chambre bébé complète;SAUTHON;Caractéristiques : <br /><br />Dimensions : L 151 H 187 P 57 cm<br /><br />Collection \'douceur\' aux façades laquées blanches satinées et décor acacia. <br />Poignées douces arrondies, plastique aspect métal nickel mat. <br />Les panneaux utilisés de type E 0,5 garantissent une teneur en formaldéhyde inférieure à 4mg/100g, soit 2 fois inférieure aux exigences de la norme européenne EN 120 (<8mg/100g).<br />Façades en panneaux de fibre moyenne densité (MDF) laqués et panneaux de particules mélaminés décor acacia. <br />Structures en panneaux de particules mélaminés blanc et décor acacia. <br />Intérieurs en panneaux de particules mélaminés blanc.<br /><br /> ;30 kg et +;EXP / RET;+33(0)1.39.87.15.46;95400;France;http://www.toutpourbebe.net/image/article/indiana_armoire_3_potes_4709.jpg;
4384;8W691;103,62;138,16;*;N;Vendeur professionnel - Produits garantie - Livraison rapide;;INDIANA - Etagere murale ;Chambre bébé complète;SAUTHON;INDIANA - Etagere murale Ref: 8W691<br /> <br /><br />;3000 à 30000 g;EXP / RET;+33(0)1.39.87.15.46;95400;France;http://www.toutpourbebe.net/image/article/indiana_etagere_murale_4384.bmp;
4383;8W191;360,66;480,88;*;N;Vendeur professionnel - Produits garantie - Livraison rapide;;INDIANA - Armoire 2 portes ;Chambre bébé complète;SAUTHON;INDIANA - Armoire 2 portes Ref: 8W191<br /> ;30 kg et +;EXP / RET;+33(0)1.39.87.15.46;95400;France;http://www.toutpourbebe.net/image/article/indiana_armoire_2_portes_4383.jpg;
4382;8W841;71,49;95,32;*;N;Vendeur professionnel - Produits garantie - Livraison rapide;;INDIANA - Plan à langer petit modèle ;Chambre bébé complète;SAUTHON;INDIANA - Plan à langer petit modèle pour Commode 2 portes Ref: 8W841<br /> ;3000 à 30000 g;EXP / RET;+33(0)1.39.87.15.46;95400;France;http://www.toutpourbebe.net/image/article/indiana_plan_a_langer_petit_modele_4382.jpg;
4381;8W771;116,47;155,29;*;N;Vendeur professionnel - Produits garantie - Livraison rapide;;INDIANA - Plan à langer grand modèle;Chambre bébé complète;SAUTHON;INDIANA - Plan à langer grand modèle pour Commode 2 portes Ref: 8W771<br /> <br />;3000 à 30000 g;EXP / RET;+33(0)1.39.87.15.46;95400;France;http://www.toutpourbebe.net/image/article/indiana_plan_a_langer_grand_modele_4381.bmp;
4380;: 8W161;240,17;320,23;*;N;Vendeur professionnel - Produits garantie - Livraison rapide;;INDIANA - Commode 2 portes;Chambre bébé complète;SAUTHON;INDIANA - Commode 2 portes Ref: 8W161<br />en option plan à langer <br /><br />;30 kg et +;EXP / RET;+33(0)1.39.87.15.46;95400;France;http://www.toutpourbebe.net/image/article/indiana_commode_2_portes_4380.bmp;
4379;8W751;79,52;106,03;*;N;Vendeur professionnel - Produits garantie - Livraison rapide;;INDIANA - Tiroir pour lit 140x70;Chambre bébé complète;SAUTHON;INDIANA - Tiroir pour lit 140x70  Ref: 8W751<br /> ;3000 à 30000 g;EXP / RET;+33(0)1.39.87.15.46;95400;France;http://www.toutpourbebe.net/image/article/indiana_tiroir_pour_lit_140x70_4379.bmp;
4378;8W111;296,4;395,2;*;N;Vendeur professionnel - Produits garantie - Livraison rapide;;INDIANA - Lit 140x70 - kit de transformation ;Chambre bébé complète;SAUTHON;INDIANA - Lit 140x70 - kit de transformation inclus  Ref: 8W111<br />en option roulettes<br />tiroir de lit en option <br /><br />;30 kg et +;EXP / RET;+33(0)1.39.87.15.46;95400;France;http://www.toutpourbebe.net/image/article/indiana_lit_140x70_kit_de_transformation_4378.bmp;
4377;8W125;71,49;95,32;*;N;Vendeur professionnel - Produits garantie - Livraison rapide;;INDIANA - Kit de transformation 90x200 ;Chambre bébé complète;SAUTHON;INDIANA - Kit de transformation 90x200 pour Lit 120x60 transformable Ref: 8W125<br /> <br />;3000 à 30000 g;EXP / RET;+33(0)1.39.87.15.46;95400;France;http://www.toutpourbebe.net/image/article/indiana_kit_de_transformation_90x200_4377.bmp;
4376;8W121;63,46;84,61;*;N;Vendeur professionnel - Produits garantie - Livraison rapide;;INDIANA - Kit de transformation 90x190 ;Chambre bébé complète;SAUTHON;INDIANA - Kit de transformation 90x190 pour Lit 120x60 transformable Ref: 8W121<br /> <br />;3000 à 30000 g;EXP / RET;+33(0)1.39.87.15.46;95400;France;http://www.toutpourbebe.net/image/article/indiana_kit_de_transformation_90x190_4376.bmp;
4375;8W121;63,46;84,61;*;N;Vendeur professionnel - Produits garantie - Livraison rapide;;INDIANA - Kit de transformation 90x190 ;Chambre bébé complète;SAUTHON;INDIANA - Kit de transformation 90x190 pour Lit 120x60 transformable Ref: 8W121<br /> <br />;3000 à 30000 g;EXP / RET;+33(0)1.39.87.15.46;95400;France;http://www.toutpourbebe.net/image/article/indiana_kit_de_transformation_90x190_4375.bmp;
4374;8W831 ;79,52;106,03;*;N;Vendeur professionnel - Produits garantie - Livraison rapide;;INDIANA - Tiroir sur roulettes pour Lit 120x60;Chambre bébé complète;SAUTHON; <br />INDIANA - Tiroir sur roulettes pour Lit 120x60 transformable Ref: 8W831 <br />;3000 à 30000 g;EXP / RET;+33(0)1.39.87.15.46;95400;France;http://www.toutpourbebe.net/image/article/indiana_tiroir_sur_roulettes_pour_lit_120x60_4374.bmp;
4373;8W021;224,11;298,81;*;N;Vendeur professionnel - Produits garantie - Livraison rapide;;INDIANA - Lit 120x60 transformable -;Chambre bébé complète;SAUTHON; <br />INDIANA - Lit 120x60 transformable - galeries fixes kit non inclus Ref: 8W021<br />sans roulettes<br />tiroir de lit en option <br /> <br />;30 kg et +;EXP / RET;+33(0)1.39.87.15.46;95400;France;http://www.toutpourbebe.net/image/article/indiana_lit_120x60_transformable_4373.bmp;
4372; 8W611;71,49;95,32;*;N;Vendeur professionnel - Produits garantie - Livraison rapide;;INDIANA - tiroir pour Lit 120x60 ;Chambre bébé complète;SAUTHON;INDIANA - tiroir pour Lit 120x60 non transformable têtes panneaux  Ref: 8W611<br />;3000 à 30000 g;EXP / RET;+33(0)1.39.87.15.46;95400;France;http://www.toutpourbebe.net/image/article/indiana_tiroir_pour_lit_120x60_4372.bmp;
4371;8W035;216,08;288,1;*;N;Vendeur professionnel - Produits garantie - Livraison rapide;;INDIANA - Lit 120x60 non transformable têtes panneaux;Chambre bébé complète;SAUHTON;INDIANA - Lit 120x60 non transformable têtes panneaux - galeries fixes Ref: 8W035<br />en option roulettes<br />tiroir de lit en option <br />;30 kg et +;EXP / RET;+33(0)1.39.87.15.46;95400;France;http://www.toutpourbebe.net/image/article/indiana_lit_120x60_non_transformable_tetes_panneaux_4371.bmp;
4370;8W031;135,75;181;*;N;Vendeur professionnel - Produits garantie - Livraison rapide;;INDIANA - Lit 120x60 non transformable tout barreaux;Chambre bébé complète;SAUTHON;INDIANA - Lit 120x60 non transformable tout barreaux - galeries fixes Ref: 8W031<br />sans roulettes <br />;30 kg et +;EXP / RET;+33(0)1.39.87.15.46;95400;France;http://www.toutpourbebe.net/image/article/indiana_lit_120x60_non_transformable_tout_barreaux_4370.bmp;
